Project ,Date,Plot,Unit,Observers,Plot_area,Units_dist,Units_dbh,Tree_id,Species,Azimuth,Distance,DBH,Height,CBH,Decay_Class,Char_Height,Scorch_Height,Beetle,Cone,Shrub,Notes,Entry_date,Entered_by,BA,BAF,DIA_CLASS,PLOT_BA,PER_BA
Salter,20231004,45,PFA,"CC, NS, CP",0.1,ft,in,P2,PIPO,72,22.5,28.8,86.3,26.5,L,11.3,NA,G,S,0,,20231013,CC,4.52376576,45.2376576,F,114.7254354,0.394312364
Salter,20230920,10,6,"CC, NS, CM",0.1,ft,in,947,PIPO,28,17.5,27.3,93,32.3,L,5,NA,G,D,0,cored @ DBH,20231010,CC,4.06481166,40.6481166,F,87.6108744,0.463962001
Salter,20230920,7,7,"CC, NS, CM",0.1,ft,in,P5,PIPO,245,23,26.9,94.5,36.5,L,15.4,NA,G,D,1,,20231010,CC,3.94656894,39.4656894,E,125.2598364,0.315070581
Salter,20230918,31,9,"CC, CM, NS",0.1,ft,in,956,PIPO,178,26,26.7,93.1,36.5,L,17,NA,G,M,0,,20230927,CC,3.88810206,38.8810206,E,119.8974636,0.324285597
Salter,20230918,24,4,"CC, CM, NS",0.1,ft,in,P5,PIPO,358,35,26.6,83.3,29.2,L,9.3,NA,G,D,0,Cored at dbh,20230927,CC,3.85903224,38.5903224,E,120.1914342,0.321073816
Salter,20230919,12,6,"CC, NS, CM",0.1,ft,in,P5,PIPO,268,13.5,26,84.7,26,L,15.3,NA,G,M,0,cored @ DBH,20231010,CC,3.686904,36.86904,E,79.3644264,0.464553726
Salter,20230914,34,9,"CC, CM, NS",0.1,ft,in,957,PIPO,71,16,25.9,97.1,35.6,L,15.2,NA,G,D,0,,20230925,CC,3.65859774,36.5859774,E,103.9472406,0.351966798
Salter,20230920,5,7,"CC, NS, CM",0.1,ft,in,945,PIPO,68,16.5,25.6,66.1,16.2,L,11.2,NA,G,D,0,,20231010,CC,3.57433344,35.7433344,E,115.782966,0.308709784
Salter,20230918,33,9,"CC, CM, NS",0.1,ft,in,939,PIPO,75,20.5,25.4,79.7,20.2,L,5.7,NA,G,M,0,Cored at dbh,20230927,CC,3.51870264,35.1870264,E,85.6692504,0.410731111
Salter,20230919,21,5,"CC, CM, NS",0.1,ft,in,P6,PIPO,315,31.5,25,88.8,21.2,L,11.7,NA,GPT,D,0,,20230930,CC,3.40875,34.0875,E,138.627045,0.245893577
Salter,20231005,53,PFA,"CC, NS, CP",0.1,ft,in,143,PIPO,77,33,24.8,78,16,L,12,NA,G,D,0,,20231016,CC,3.35442816,33.5442816,D,107.6259636,0.311674623
Salter,20230920,7,7,"CC, NS, CM",0.1,ft,in,P2,PIPO,126,20.5,24.6,78.9,25.7,L,2.6,NA,G,D,0,,20231010,CC,3.30054264,33.0054264,D,125.2598364,0.263495685
Salter,20230920,9,6,"CC, NS, CM",0.1,ft,in,946,PIPO,11,28,24.3,88.6,23.1,L,1,NA,G,D,0,cored @ DBH,20231010,CC,3.22053246,32.2053246,D,132.8501682,0.242418395
Salter,20230921,13,1,"CC, NS, CM",0.1,ft,in,P4,PIPO,225,35,24.3,71,10.1,L,1.7,NA,G,M,0,cored @ DBH,20231010,CC,3.22053246,32.2053246,D,127.6710498,0.252252368
Salter,20230919,21,5,"CC, CM, NS",0.1,ft,in,943,PIPO,189,18,24.2,90.9,31.4,L,5.7,NA,G,D,0,,20230930,CC,3.19408056,31.9408056,D,138.627045,0.230408183
Salter,20231004,42,PFA,"CC, NS, CP",0.1,ft,in,P5,PIPO,330,18.5,24,98.2,53.7,L,17.8,NA,G,S,0,,20231012,CC,3.141504,31.41504,D,105.7356072,0.297109373
Salter,20230920,9,6,"CC, NS, CM",0.1,ft,in,P6,PIPO,289,32.5,23.7,76.6,25.1,L,7.2,NA,G,D,0,,20231010,CC,3.06345726,30.6345726,D,132.8501682,0.23059491
Salter,20230918,30,9,"CC, CM, NS",0.1,ft,in,P5,PIPO,74,34,23.6,81.6,32.1,L,28,NA,G,D,0,Cored at dbh,20230927,CC,3.03765984,30.3765984,D,117.0777456,0.259456639
Salter,20230918,33,9,"CC, CM, NS",0.1,ft,in,P3,PIPO,285,21,23.6,76.3,26.3,L,12.2,NA,G,D,1,,20230927,CC,3.03765984,30.3765984,D,85.6692504,0.354579949
Salter,20230920,8,7,"CC, NS, CM",0.1,ft,in,P5,PIPO,254,29,23.5,76.7,33.6,L,10.1,NA,G,M,0,cored @ DBH,20231010,CC,3.0119715,30.119715,D,109.2965238,0.275577978
Salter,20230920,9,6,"CC, NS, CM",0.1,ft,in,P2,PIPO,129,29,23.5,90.5,44.6,L,9.3,NA,G,M,0,,20231010,CC,3.0119715,30.119715,D,132.8501682,0.226719434
Salter,20231003,14,1,"CC, NS, CP",0.1,ft,in,P1,PIPO,44,33,23.5,79.4,27.5,L,NA,NA,G,D,0,cored @ DBH,20231003,NS,3.0119715,30.119715,D,105.5970756,0.285232473
Salter,20231004,44,PFA,"CC, NS, CP",0.1,ft,in,126,PIPO,42,17.5,23.5,80.3,19.4,L,5.5,NA,G,D,0,,20231013,CC,3.0119715,30.119715,D,86.9220342,0.346514152
Salter,20230920,5,7,"CC, NS, CM",0.1,ft,in,P6,PIPO,320,23.5,23.4,72.7,16.8,L,4.9,NA,G,D,0,,20231010,CC,2.98639224,29.8639224,D,115.782966,0.25793019
Salter,20231003,14,1,"CC, NS, CP",0.1,ft,in,884,PIPO,162,14.5,23.3,65.3,20.2,L,1,NA,G,M,0,,20231003,NS,2.96092206,29.6092206,D,105.5970756,0.280398112
Salter,20230919,23,4,"CC, CM, NS",0.1,ft,in,P6,PIPO,347,33.3,23.2,76.9,29.7,L,10.4,NA,G,M,0,,20230927,CC,2.93556096,29.3556096,D,118.1423664,0.248476567
Salter,20231004,35,10,"CC, NS, CP",0.1,ft,in,P1,PIPO,5,21,23.2,83,27.5,L,1,NA,G,D,0,,20231014,CC,2.93556096,29.3556096,D,109.3085226,0.268557372
Salter,20230921,13,1,"CC, NS, CM",0.1,ft,in,P6,PIPO,341,8,23.1,55.2,16.9,L,1,NA,G,D,0,,20231010,CC,2.91030894,29.1030894,D,127.6710498,0.22795371
Salter,20230920,7,7,"CC, NS, CM",0.1,ft,in,P1,PIPO,51,37,23,90.8,24.7,L,2.5,NA,G,D,0,,20231010,CC,2.885166,28.85166,D,125.2598364,0.230334486
Salter,20230913,27,8,"CC, CM, NS",0.1,ft,in,P116,PIPO,115,20,23,71.4,23.7,L,26,NA,G,D,0,cored at 1.1 ft,20230926,CC,2.885166,28.85166,D,351.1350648,0.082166844
Salter,20231005,53,PFA,"CC, NS, CP",0.1,ft,in,P4,PIPO,335,23,23,81.3,39.3,L,22,NA,G,M,0,,20231016,CC,2.885166,28.85166,D,107.6259636,0.268073419
Salter,20231003,15,1,"CC, NS, CP",0.1,ft,in,P5,PIPO,338,30,22.9,65.4,25.2,L,15.1,NA,G,S,0,,20231003,NS,2.86013214,28.6013214,D,106.775685,0.267863619
Salter,20230913,25,8,"CC, CM, NS",0.1,ft,in,108,PIPO,252,29,22.9,73,29.7,L,12,NA,G,D,0,Cored at dbh,20230926,CC,2.86013214,28.6013214,D,138.5103294,0.206492335
Salter,20231004,43,PFA,"CC, NS, CP",0.1,ft,in,P4,PIPO,220,12.5,22.9,82.2,40.2,L,15.1,NA,G,D,0,,20231013,CC,2.86013214,28.6013214,D,91.133613,0.313839433
Salter,20230920,8,7,"CC, NS, CM",0.1,ft,in,P2,PIPO,144,13.5,22.8,81.5,45.5,L,16,NA,G,D,0,,20231010,CC,2.83520736,28.3520736,D,109.2965238,0.259405081
Salter,20231003,18,3,"CC, NS, CP",0.1,ft,in,P4,PIPO,360,16,22.8,76.2,14.5,L,3.6,NA,G,D,0,,20231012,CC,2.83520736,28.3520736,D,71.5722966,0.396131953
Salter,20230918,31,9,"CC, CM, NS",0.1,ft,in,P5,PIPO,275,15.5,22.8,87.5,35.2,L,18.8,NA,G,M,0,,20230927,CC,2.83520736,28.3520736,D,119.8974636,0.236469336
Salter,20231004,45,PFA,"CC, NS, CP",0.1,ft,in,125,PIPO,23,19,22.8,90.7,23,L,5.1,NA,G,S,0,,20231013,CC,2.83520736,28.3520736,D,114.7254354,0.247129797
Salter,20230913,27,8,"CC, CM, NS",0.1,ft,in,P113,PIPO,19,31.5,22.7,73.6,34.4,L,15,NA,G,D,0,,20230926,CC,2.81039166,28.1039166,D,351.1350648,0.08003734
Salter,20231004,35,10,"CC, NS, CP",0.1,ft,in,P8,PIPO,256,22,22.7,73.7,33.1,L,1,NA,G,D,0,,20231014,CC,2.81039166,28.1039166,D,109.3085226,0.257106362
Salter,20231003,16,3,"CC, NS, CP",0.1,ft,in,123,PIPO,101,24.5,22.5,73.7,34,L,14.5,NA,G,M,1,,20231012,CC,2.7610875,27.610875,D,77.2400934,0.357468172
Salter,20231004,52,PFA,"CC, NS, CP",0.1,ft,in,P4,PIPO,251,30.5,22.5,89.3,45.3,L,10,NA,G,D,0,,20231014,CC,2.7610875,27.610875,D,88.971102,0.310335315
Salter,20231005,36,10,"CC, NS, CP",0.1,ft,in,P6,PIPO,327,35.5,22.3,87.7,48.3,L,47,NA,G,M,0,,20231014,CC,2.71221966,27.1221966,D,109.0216422,0.248778096
Salter,20230921,4,2,"CC, NS, CM",0.1,ft,in,P2,PIPO,15,31.5,22.2,77.3,42.3,L,8.2,NA,G,D,1,cored @ DBH,20231011,CC,2.68794936,26.8794936,D,129.0269142,0.208324703
Salter,20231005,37,10,"CC, NS, CP",0.1,ft,in,P1,PIPO,152,14.5,21.9,76.6,32.7,L,3.7,NA,G,D,0,,20231014,CC,2.61579294,26.1579294,D,77.2820892,0.338473373
Salter,20231005,53,PFA,"CC, NS, CP",0.1,ft,in,P3,PIPO,310,21.5,21.9,74.5,29.5,L,15,NA,G,M,0,,20231016,CC,2.61579294,26.1579294,D,107.6259636,0.243044787
Salter,20230920,6,7,"CC, NS, CM",0.1,ft,in,P3,PIPO,80,35.5,21.8,79.5,29.5,L,2.5,NA,G,D,0,cored @ DBH,20231010,CC,2.59195896,25.9195896,D,99.8725572,0.259526644
Salter,20231004,43,PFA,"CC, NS, CP",0.1,ft,in,P3,PIPO,180,34.5,21.8,80.3,36.2,L,15,NA,G,D,1,,20231013,CC,2.59195896,25.9195896,D,91.133613,0.284413058
Salter,20231004,52,PFA,"CC, NS, CP",0.1,ft,in,142,PIPO,15,28.5,21.7,68.4,26.7,L,7.5,NA,G,D,0,,20231014,CC,2.56823406,25.6823406,D,88.971102,0.288659351
Salter,20230920,9,6,"CC, NS, CM",0.1,ft,in,P5,PIPO,207,12.5,21.4,75.9,34.5,L,6,NA,G,D,0,,20231010,CC,2.49771384,24.9771384,D,132.8501682,0.188009836
Salter,20230919,21,5,"CC, CM, NS",0.1,ft,in,P4,PIPO,247,34,21.3,85.6,32.9,L,10.2,NA,G,M,0,,20230930,CC,2.47442526,24.7442526,D,138.627045,0.178495131
Salter,20231004,46,PFA,"CC, NS, CP",0.1,ft,in,P3,PIPO,153,10,21.3,83.4,NA,D2,30,NA,G,S,0,,20231013,CC,2.47442526,24.7442526,D,98.5445082,0.251097226
Salter,20231004,47,PFA,"CC, NS, CP",0.1,ft,in,P6,PIPO,333,14.5,21.3,73.5,17.9,L,4.6,NA,G,D,0,,20231014,CC,2.47442526,24.7442526,D,93.1439574,0.265656016
Salter,20230920,10,6,"CC, NS, CM",0.1,ft,in,P4,PIPO,166,19.5,21.2,73.4,23.6,L,12,NA,G,D,0,,20231010,CC,2.45124576,24.5124576,D,87.6108744,0.279787843
Salter,20231004,44,PFA,"CC, NS, CP",0.1,ft,in,P3,PIPO,206,23.5,21.2,85.5,34.1,L,10.5,NA,G,D,1,,20231013,CC,2.45124576,24.5124576,D,86.9220342,0.282005108
Salter,20230920,6,7,"CC, NS, CM",0.1,ft,in,P1,PIPO,13,23,21.1,78.6,15.5,L,NA,NA,G,D,0,,20231010,CC,2.42817534,24.2817534,D,99.8725572,0.243127382
Salter,20230919,23,4,"CC, CM, NS",0.1,ft,in,P5,PIPO,261,24,21.1,38.3,NA,NA,11.8,NA,G,N,0,,20230927,CC,2.42817534,24.2817534,D,118.1423664,0.205529601
Salter,20231003,14,1,"CC, NS, CP",0.1,ft,in,P4,PIPO,295,34.5,21,60.2,17.5,L,6,NA,G,D,0,,20231003,NS,2.405214,24.05214,D,105.5970756,0.227772785
Salter,20230919,21,5,"CC, CM, NS",0.1,ft,in,P3,PIPO,225,36,21,80.9,45.2,L,12.67,NA,G,D,0,,20230930,CC,2.405214,24.05214,D,138.627045,0.173502508
Salter,20231004,52,PFA,"CC, NS, CP",0.1,ft,in,P3,PIPO,164,17,21,82.9,28.1,L,7,NA,G,D,0,,20231014,CC,2.405214,24.05214,D,88.971102,0.270336541
Salter,20231004,42,PFA,"CC, NS, CP",0.1,ft,in,P3,PIPO,101,36,20.9,98.4,64.7,L,25,NA,G,S,0,,20231012,CC,2.38236174,23.8236174,D,105.7356072,0.2253131
Salter,20231004,47,PFA,"CC, NS, CP",0.1,ft,in,P4,PIPO,231,28,20.8,87.3,21.6,L,6,NA,G,S,0,,20231014,CC,2.35961856,23.5961856,D,93.1439574,0.253330288
Salter,20230920,5,7,"CC, NS, CM",0.1,ft,in,P5,PIPO,145,16.5,20.7,71.4,18.8,L,5.9,NA,G,D,0,,20231010,CC,2.33698446,23.3698446,D,115.782966,0.20184182
Salter,20231005,37,10,"CC, NS, CP",0.1,ft,in,P3,PIPO,266,15,20.6,65,19,L,4.8,NA,G,D,1,,20231014,CC,2.31445944,23.1445944,D,77.2820892,0.299481997
Salter,20231004,45,PFA,"CC, NS, CP",0.1,ft,in,P4,PIPO,247,22.5,20.6,91.9,43.7,L,2,NA,G,M,0,,20231013,CC,2.31445944,23.1445944,D,114.7254354,0.201738998
Salter,20230921,3,2,"CC, NS, CM",0.1,ft,in,P4,PIPO,138,35,20.4,76.3,34.4,L,1.5,NA,G,M,0,,20231011,CC,2.26973664,22.6973664,D,151.0452576,0.150268646
Salter,20231003,15,1,"CC, NS, CP",0.1,ft,in,P3,PIPO,191,15,20.4,65,22.2,L,9,NA,G,D,0,,20231003,NS,2.26973664,22.6973664,D,106.775685,0.212570553
Salter,20230913,27,8,"CC, CM, NS",0.1,ft,in,P117,PIPO,139,37,20.4,75.9,26.9,L,20,NA,G,D,0,,20230926,CC,2.26973664,22.6973664,D,351.1350648,0.064639988
Salter,20230919,19,5,"CC, NS, CM",0.1,ft,in,P3,PIPO,263,18.5,20.3,85.6,42.9,L,12.3,NA,G,D,0,cored @ DBH,20231009,CC,2.24753886,22.4753886,D,131.3197758,0.171150068
Salter,20231004,43,PFA,"CC, NS, CP",0.1,ft,in,P2,PIPO,107,24.5,20.3,87.6,56.3,L,15,NA,G,D,0,,20231013,CC,2.24753886,22.4753886,D,91.133613,0.246620186
Salter,20230921,4,2,"CC, NS, CM",0.1,ft,in,950,PIPO,68,11.5,20.2,74.1,30.6,L,4.3,NA,G,M,0,,20231011,CC,2.22545016,22.2545016,D,129.0269142,0.172479531
Salter,20230918,11,6,"CC, NS, CM",0.1,ft,in,P1,PIPO,21,11.5,20.2,80.2,17.3,L,5.7,NA,G,D,0,,20231010,CC,2.22545016,22.2545016,D,79.696575,0.279240376
Salter,20230918,30,9,"CC, CM, NS",0.1,ft,in,938,PIPO,41,30,20.2,75.6,31.6,L,5.4,NA,G,D,0,,20230927,CC,2.22545016,22.2545016,D,117.0777456,0.190083107
Salter,20230913,28,9,"CC, CM, NS",0.1,ft,in,P10,PIPO,335,10,20.1,67.7,42.8,L,38,NA,G,D,0,cored at dbh,20230926,CC,2.20347054,22.0347054,D,169.2501642,0.130190157
Salter,20230918,30,9,"CC, CM, NS",0.1,ft,in,P7,PIPO,239,18,20.1,80,18.1,L,9.3,NA,G,M,0,,20230927,CC,2.20347054,22.0347054,D,117.0777456,0.188205754
Salter,20231004,42,PFA,"CC, NS, CP",0.1,ft,in,128,PIPO,17,22,20.1,96.1,35,L,14.8,NA,G,S,0,,20231012,CC,2.20347054,22.0347054,D,105.7356072,0.208394371
Salter,20230921,3,2,"CC, NS, CM",0.1,ft,in,P10,PIPO,313,12,20,87.3,42.3,L,2.5,NA,G,M,0,,20231011,CC,2.1816,21.816,D,151.0452576,0.144433532
Salter,20231003,14,1,"CC, NS, CP",0.1,ft,in,P3,PIPO,163,31,20,63.4,26.3,L,2,NA,G,M,0,,20231003,NS,2.1816,21.816,D,105.5970756,0.20659663
Salter,20230919,23,4,"CC, CM, NS",0.1,ft,in,P3,PIPO,195,15,19.9,77.6,28.5,L,1,NA,G,M,0,,20230927,CC,2.15983854,21.5983854,C,118.1423664,0.182816597
Salter,20230918,31,9,"CC, CM, NS",0.1,ft,in,P3,PIPO,229,30.5,19.9,92,50.7,L,14.9,NA,G,M,0,,20230927,CC,2.15983854,21.5983854,C,119.8974636,0.18014047
Salter,20230913,27,8,"CC, CM, NS",0.1,ft,in,P5,PIPO,281,27.5,19.7,59.4,46.7,L,40.4,NA,G,D,0,,20230925,CC,2.11664286,21.1664286,C,351.1350648,0.06028002
Salter,20230921,4,2,"CC, NS, CM",0.1,ft,in,P8,PIPO,309,26.5,19.5,80.7,27.7,L,3.5,NA,G,D,0,,20231011,CC,2.0738835,20.738835,C,129.0269142,0.160732628
Salter,20231005,38,10,"CC, NS, CP",0.1,ft,in,P2,PIPO,45,21,19.5,73.8,39.3,L,24.5,NA,G,M,0,,20231014,CC,2.0738835,20.738835,C,134.397468,0.154309715
Salter,20231004,42,PFA,"CC, NS, CP",0.1,ft,in,P4,PIPO,128,19,19.5,85.5,62.1,L,29,NA,G,S,0,,20231012,CC,2.0738835,20.738835,C,105.7356072,0.19613861
Salter,20230921,2,2,"CC, NS, CM",0.1,ft,in,P11,PIPO,286,28.5,19.4,62.4,24.2,L,4.3,NA,G,D,0,,20231011,CC,2.05266744,20.5266744,C,107.9821098,0.190093289
Salter,20231003,18,3,"CC, NS, CP",0.1,ft,in,129,PIPO,11,30,19.2,76.9,34.5,L,10.7,NA,G,M,0,,20231012,CC,2.01056256,20.1056256,C,71.5722966,0.280913518
Salter,20230919,20,5,"CC, NS, CM",0.1,ft,in,P4,PIPO,86,27,19.2,78.8,42.6,L,15,NA,G,D,0,,20231009,CC,2.01056256,20.1056256,C,127.067292,0.158228174
Salter,20230918,33,9,"CC, CM, NS",0.1,ft,in,P2,PIPO,230,36,19.2,75.7,31,L,7.7,NA,G,M,0,Cored at dbh,20230927,CC,2.01056256,20.1056256,C,85.6692504,0.23468894
Salter,20230919,12,6,"CC, NS, CM",0.1,ft,in,P4,PIPO,181,11.5,19.1,87.1,36.2,L,10.5,NA,G,D,0,cored @ DBH,20231010,CC,1.98967374,19.8967374,C,79.3644264,0.250700954
Salter,20230921,3,2,"CC, NS, CM",0.1,ft,in,P1,PIPO,24,23,19,90.5,24.5,L,1,NA,G,D,0,,20231011,CC,1.968894,19.68894,C,151.0452576,0.130351262
Salter,20231004,44,PFA,"CC, NS, CP",0.1,ft,in,P2,PIPO,123,30.5,19,73.3,34.9,L,12.5,NA,G,D,0,,20231013,CC,1.968894,19.68894,C,86.9220342,0.226512646
Salter,20231003,15,1,"CC, NS, CP",0.1,ft,in,895,PIPO,120,31,18.9,64.5,24.4,L,7.3,NA,G,D,0,,20231003,NS,1.94822334,19.4822334,C,106.775685,0.182459456
Salter,20231003,15,1,"CC, NS, CP",0.1,ft,in,P4,PIPO,220,17.5,18.9,64.9,27.7,L,11.3,NA,G,D,0,,20231003,NS,1.94822334,19.4822334,C,106.775685,0.182459456
Salter,20230919,21,5,"CC, CM, NS",0.1,ft,in,P1,PIPO,171,27,18.9,77.9,39.9,L,10.2,NA,G,D,0,,20230930,CC,1.94822334,19.4822334,C,138.627045,0.140537032
Salter,20231005,36,10,"CC, NS, CP",0.1,ft,in,P3,PIPO,68,19,18.8,81.8,43.6,L,31,NA,G,D,0,,20231014,CC,1.92766176,19.2766176,C,109.0216422,0.176814596
Salter,20230919,20,5,"CC, NS, CM",0.1,ft,in,P2,PIPO,59,36.5,18.7,75,39.4,L,14,NA,G,D,0,,20231009,CC,1.90720926,19.0720926,C,127.067292,0.150094429
Salter,20230913,27,8,"CC, CM, NS",0.1,ft,in,P7,PIPO,270,22,18.7,77.8,35.6,L,12.7,NA,G,D,1,,20230925,CC,1.90720926,19.0720926,C,351.1350648,0.054315546
Salter,20231005,53,PFA,"CC, NS, CP",0.1,ft,in,P2,PIPO,260,29,18.7,75.2,21.7,L,7,NA,G,M,0,,20231016,CC,1.90720926,19.0720926,C,107.6259636,0.177207172
Salter,20230920,6,7,"CC, NS, CM",0.1,ft,in,P4,PIPO,127,29.5,18.6,77.7,27.3,L,3.5,NA,G,D,0,cored @ DBH,20231010,CC,1.88686584,18.8686584,C,99.8725572,0.188927358
Salter,20230919,19,5,"CC, NS, CM",0.1,ft,in,P2,PIPO,241,34.5,18.5,83.6,52.5,L,12.3,NA,G,D,0,,20231009,CC,1.8666315,18.666315,C,131.3197758,0.142143976
Salter,20230919,22,4,"CC, CM, NS",0.1,ft,in,P2,PIPO,81,7,18.5,63.2,13.4,L,3.1,NA,G,M,0,,20230927,CC,1.8666315,18.666315,C,120.064356,0.155469247
Salter,20230918,24,4,"CC, CM, NS",0.1,ft,in,P4,PIPO,284,36,18.5,51,19.4,L,7.8,NA,G,D,0,,20230927,CC,1.8666315,18.666315,C,120.1914342,0.155304869
Salter,20230921,13,1,"CC, NS, CM",0.1,ft,in,131,PIPO,173,32,18.4,57.1,20.7,L,3,NA,G,M,0,,20231010,CC,1.84650624,18.4650624,C,127.6710498,0.144629988
Salter,20230913,27,8,"CC, CM, NS",0.1,ft,in,P8,PIPO,338,25.5,18.4,69.8,46.3,L,31.3,NA,G,D,0,,20230925,CC,1.84650624,18.4650624,C,351.1350648,0.05258678
Salter,20230918,31,9,"CC, CM, NS",0.1,ft,in,P1,PIPO,32,24,18.4,66,23.8,L,9.7,NA,G,M,0,,20230927,CC,1.84650624,18.4650624,C,119.8974636,0.154007114
Salter,20230920,6,7,"CC, NS, CM",0.1,ft,in,P5,PIPO,171,26.5,18.3,81.4,19.1,L,9.3,NA,G,D,1,,20231010,CC,1.82649006,18.2649006,C,99.8725572,0.182882076
Salter,20230920,8,7,"CC, NS, CM",0.1,ft,in,P3,PIPO,150,17.5,18.3,68.9,41,L,15,NA,G,M,0,,20231010,CC,1.82649006,18.2649006,C,109.2965238,0.16711328
Salter,20230913,27,8,"CC, CM, NS",0.1,ft,in,P122,PIPO,353,32,18.3,72.9,31,L,11.8,NA,G,D,0,,20230926,CC,1.82649006,18.2649006,C,351.1350648,0.052016738
Salter,20230921,2,2,"CC, NS, CM",0.1,ft,in,P2,PIPO,94,36.5,18.2,71.7,35.9,L,2,NA,G,D,0,,20231011,CC,1.80658296,18.0658296,C,107.9821098,0.167303914
Salter,20231003,16,3,"CC, NS, CP",0.1,ft,in,P2,PIPO,13,34,18.2,63.6,30.5,L,8.1,NA,G,M,0,,20231012,CC,1.80658296,18.0658296,C,77.2400934,0.233891866
Salter,20230919,23,4,"CC, CM, NS",0.1,ft,in,P4,PIPO,250,14.5,18.2,73.4,14.6,L,3.1,NA,G,M,0,,20230927,CC,1.80658296,18.0658296,C,118.1423664,0.152915759
Salter,20231005,51,PFA,"CC, NS, CP",0.1,ft,in,P11,PIPO,240,28,18.2,73.4,17.2,L,1.5,NA,G,D,0,,20231014,CC,1.80658296,18.0658296,C,88.0799184,0.205107247
Salter,20230921,2,2,"CC, NS, CM",0.1,ft,in,P5,PIPO,142,24,18,69.9,38.6,L,4.5,NA,G,D,1,,20231011,CC,1.767096,17.67096,C,107.9821098,0.163647108
Salter,20230919,19,5,"CC, NS, CM",0.1,ft,in,P6,PIPO,328,31,18,71.6,18.4,L,11.9,NA,G,D,0,,20231009,CC,1.767096,17.67096,C,131.3197758,0.134564348
Salter,20230919,20,5,"CC, NS, CM",0.1,ft,in,P5,PIPO,172,17,18,78.5,38.3,L,12,NA,G,D,0,,20231009,CC,1.767096,17.67096,C,127.067292,0.139067731
Salter,20230913,28,9,"CC, CM, NS",0.1,ft,in,P3,PIPO,106,35.5,18,58.1,38.6,L,26.2,NA,G,D,0,cored at dbh,20230926,CC,1.767096,17.67096,C,169.2501642,0.104407343
Salter,20231004,46,PFA,"CC, NS, CP",0.1,ft,in,P5,PIPO,275,34.5,18,78.2,42.1,L,11,NA,G,S,0,,20231013,CC,1.767096,17.67096,C,98.5445082,0.179319582
Salter,20230921,3,2,"CC, NS, CM",0.1,ft,in,P11,PIPO,319,28,17.9,73.2,37.4,L,0.5,NA,G,M,0,,20231011,CC,1.74751614,17.4751614,C,151.0452576,0.11569487
Salter,20230921,13,1,"CC, NS, CM",0.1,ft,in,P5,PIPO,250,30,17.9,63.6,26.2,L,4.6,NA,G,D,0,,20231010,CC,1.74751614,17.4751614,C,127.6710498,0.13687646
Salter,20230913,27,8,"CC, CM, NS",0.1,ft,in,P118,PIPO,181,25,17.9,68.9,33.5,L,16,NA,G,M,0,cored at 1.7 ft,20230926,CC,1.74751614,17.4751614,C,351.1350648,0.049767634
Salter,20230918,30,9,"CC, CM, NS",0.1,ft,in,P4,PIPO,68,27,17.9,69.2,33.3,L,17.3,NA,G,D,0,Cored at dbh,20230927,CC,1.74751614,17.4751614,C,117.0777456,0.149261171
Salter,20230913,27,8,"CC, CM, NS",0.1,ft,in,P5,PIPO,232,23.5,17.7,83,46.2,L,7.4,NA,G,D,0,,20230925,CC,1.70868366,17.0868366,C,351.1350648,0.048661721
Salter,20230913,27,8,"CC, CM, NS",0.1,ft,in,P121,PIPO,352,31.5,17.7,77.9,30.6,L,7,NA,G,D,0,,20230926,CC,1.70868366,17.0868366,C,351.1350648,0.048661721
Salter,20231004,46,PFA,"CC, NS, CP",0.1,ft,in,140,PIPO,57,19,17.7,78.3,41.5,L,28,NA,G,S,0,,20231013,CC,1.70868366,17.0868366,C,98.5445082,0.173392073
Salter,20231003,16,3,"CC, NS, CP",0.1,ft,in,P4,PIPO,121,36.5,17.6,65,24.9,L,22,NA,G,S,0,,20231012,CC,1.68943104,16.8943104,C,77.2400934,0.218724624
Salter,20231003,17,3,"CC, NS, CP",0.1,ft,in,124,PIPO,38,27,17.6,69.3,25.7,L,3,NA,G,D,0,cored @ DBH,20231012,CC,1.68943104,16.8943104,C,39.4111494,0.4286683
Salter,20230919,22,4,"CC, CM, NS",0.1,ft,in,P9,PIPO,297,7.5,17.6,69.9,30.2,L,2,NA,G,D,0,,20230927,CC,1.68943104,16.8943104,C,120.064356,0.140710457
Salter,20230913,26,8,"CC, CM, NS",0.1,ft,in,P2,PIPO,129,29,17.6,57.5,25.1,L,20.1,NA,G,D,0,,20230926,CC,1.68943104,16.8943104,C,91.8464508,0.183940808
Salter,20230919,19,5,"CC, NS, CM",0.1,ft,in,P12,PIPO,358,14.5,17.5,76.9,41.7,L,1,NA,G,D,0,,20231009,CC,1.6702875,16.702875,C,131.3197758,0.127192381
Salter,20230913,28,9,"CC, CM, NS",0.1,ft,in,P5,PIPO,176,12.5,17.5,73.5,36.4,L,10.6,NA,G,D,0,,20230926,CC,1.6702875,16.702875,C,169.2501642,0.098687497
Salter,20231003,15,1,"CC, NS, CP",0.1,ft,in,P1,PIPO,105,19,17.4,57.3,33.2,L,6.9,NA,G,M,1,,20231003,NS,1.65125304,16.5125304,C,106.775685,0.154646916
Salter,20230913,25,8,"CC, CM, NS",0.1,ft,in,110,PIPO,333,29,17.4,68.4,23.4,L,8,NA,G,D,0,,20230926,CC,1.65125304,16.5125304,C,138.5103294,0.119215155
Salter,20230914,34,9,"CC, CM, NS",0.1,ft,in,P6,PIPO,205,30,17.4,61,26.1,L,15,NA,G,M,0,CORED @ DBH,20230925,CC,1.65125304,16.5125304,C,103.9472406,0.158854918
Salter,20231005,36,10,"CC, NS, CP",0.1,ft,in,P4,PIPO,178,15,17.4,17.4,19.1,L,15.5,NA,G,D,0,,20231014,CC,1.65125304,16.5125304,C,109.0216422,0.151461032
Salter,20231005,37,10,"CC, NS, CP",0.1,ft,in,P4,PIPO,342,17.5,17.4,57.5,19.2,L,7.5,NA,G,M,0,,20231014,CC,1.65125304,16.5125304,C,77.2820892,0.213665683
Salter,20231005,38,10,"CC, NS, CP",0.1,ft,in,P4,PIPO,130,21,17.4,70.5,34,L,10.5,NA,G,M,0,,20231014,CC,1.65125304,16.5125304,C,134.397468,0.122863404
Salter,20230919,19,5,"CC, NS, CM",0.1,ft,in,953,PIPO,50,35,17.3,58.8,16.3,L,2.6,NA,G,D,0,cored @ DBH,20231009,CC,1.63232766,16.3232766,C,131.3197758,0.12430174
Salter,20230918,30,9,"CC, CM, NS",0.1,ft,in,P6,PIPO,126,31,17.3,52.1,20.4,L,9.7,NA,G,M,0,,20230927,CC,1.63232766,16.3232766,C,117.0777456,0.139422539
Salter,20230919,20,5,"CC, NS, CM",0.1,ft,in,942,PIPO,278,22,17.2,80.8,38.8,L,1,NA,G,S,0,,20231009,CC,1.61351136,16.1351136,C,127.067292,0.126980857
Salter,20230913,27,8,"CC, CM, NS",0.1,ft,in,P3,PIPO,194,24,17.2,60.2,47.1,L,24.5,NA,G,D,0,,20230925,CC,1.61351136,16.1351136,C,351.1350648,0.045951303
Salter,20230913,27,8,"CC, CM, NS",0.1,ft,in,P119,PIPO,291,29,17.1,76.8,27.6,L,6.7,NA,G,D,0,,20230926,CC,1.59480414,15.9480414,C,351.1350648,0.045418538
Salter,20230921,3,2,"CC, NS, CM",0.1,ft,in,P3,PIPO,85,31.5,17,63.6,20.1,L,6,NA,G,M,0,,20231011,CC,1.576206,15.76206,C,151.0452576,0.104353227
Salter,20230913,27,8,"CC, CM, NS",0.1,ft,in,934,PIPO,42,24.5,17,58,45.4,L,39.4,NA,G,M,0,,20230925,CC,1.576206,15.76206,C,351.1350648,0.044888881
Salter,20231004,46,PFA,"CC, NS, CP",0.1,ft,in,P4,PIPO,239,20,17,73.1,35.6,L,17,NA,G,S,0,,20231013,CC,1.576206,15.76206,C,98.5445082,0.159948639
Salter,20230920,10,6,"CC, NS, CM",0.1,ft,in,P5,PIPO,219,8,16.9,79.5,24.2,L,14.1,NA,G,D,0,cored @ DBH,20231010,CC,1.55771694,15.5771694,C,87.6108744,0.177799497
Salter,20230921,4,2,"CC, NS, CM",0.1,ft,in,P5,PIPO,120,22,16.8,68.3,19.1,L,1,NA,G,D,0,cored @ DBH,20231011,CC,1.53933696,15.3933696,C,129.0269142,0.119303555
Salter,20230921,13,1,"CC, NS, CM",0.1,ft,in,P1,PIPO,83,17.5,16.8,59.2,19.7,L,6,NA,G,M,1,cored @ DBH,20231010,CC,1.53933696,15.3933696,C,127.6710498,0.120570557
Salter,20230919,19,5,"CC, NS, CM",0.1,ft,in,P11,PIPO,322,19,16.7,74,23.4,L,3,NA,G,D,0,,20231009,CC,1.52106606,15.2106606,C,131.3197758,0.11582917
Salter,20230918,24,4,"CC, CM, NS",0.1,ft,in,P3,PIPO,142,12.5,16.7,54.2,19.1,L,3.5,NA,G,D,0,Cored at dbh,20230927,CC,1.52106606,15.2106606,C,120.1914342,0.126553616
Salter,20231004,47,PFA,"CC, NS, CP",0.1,ft,in,P5,PIPO,261,33.5,16.7,68.8,15.2,L,8,NA,G,D,0,,20231014,CC,1.52106606,15.2106606,C,93.1439574,0.163302709
Salter,20230921,13,1,"CC, NS, CM",0.1,ft,in,P3,PIPO,197,15,16.6,55.9,21,L,0.5,NA,G,S,0,,20231010,CC,1.50290424,15.0290424,C,127.6710498,0.117716917
Salter,20230913,25,8,"CC, CM, NS",0.1,ft,in,103,PIPO,102,31.5,16.6,67.6,28.9,L,5,NA,G,D,0,,20230926,CC,1.50290424,15.0290424,C,138.5103294,0.108504849
Salter,20231004,46,PFA,"CC, NS, CP",0.1,ft,in,P2,PIPO,101,29.5,16.6,69.1,37.1,L,24,NA,G,S,0,,20231013,CC,1.50290424,15.0290424,C,98.5445082,0.152510197
Salter,20230913,25,8,"CC, CM, NS",0.1,ft,in,102,PIPO,93,22,16.5,66,36.1,L,3,NA,G,D,0,,20230926,CC,1.4848515,14.848515,C,138.5103294,0.107201499
Salter,20231003,16,3,"CC, NS, CP",0.1,ft,in,P1,PIPO,10,31.5,16.4,65.2,29.6,L,10.2,NA,G,M,0,,20231012,CC,1.46690784,14.6690784,C,77.2400934,0.189915337
Salter,20230913,25,8,"CC, CM, NS",0.1,ft,in,101,PIPO,84,16,16.4,73,27.9,L,2,NA,G,D,0,Cored at dbh,20230926,CC,1.46690784,14.6690784,C,138.5103294,0.105906025
Salter,20230913,27,8,"CC, CM, NS",0.1,ft,in,P3,PIPO,197,25,16.4,72.5,23.6,L,20,NA,G,D,0,,20230925,CC,1.46690784,14.6690784,C,351.1350648,0.041776171
Salter,20230920,8,7,"CC, NS, CM",0.1,ft,in,952,PIPO,104,34,16.3,69,35,L,12,NA,G,D,0,cored @ DBH,20231010,CC,1.44907326,14.4907326,C,109.2965238,0.132581825
Salter,20230919,20,5,"CC, NS, CM",0.1,ft,in,P9,PIPO,225,34.5,16.3,78,48.1,L,3,NA,G,D,0,,20231009,CC,1.44907326,14.4907326,C,127.067292,0.114039832
Salter,20231005,51,PFA,"CC, NS, CP",0.1,ft,in,P2,PIPO,183,23.5,16.3,70.3,41,L,1.5,NA,G,M,1,,20231014,CC,1.44907326,14.4907326,C,88.0799184,0.164518007
Salter,20230921,2,2,"CC, NS, CM",0.1,ft,in,P6,PIPO,176,35.5,16.2,68.4,35.1,L,4,NA,G,D,1,,20231011,CC,1.43134776,14.3134776,C,107.9821098,0.132554158
Salter,20230919,22,4,"CC, CM, NS",0.1,ft,in,P5,PIPO,184,29,16.1,63.9,34.2,L,7,NA,G,D,0,,20230927,CC,1.41373134,14.1373134,C,120.064356,0.117747797
Salter,20230913,27,8,"CC, CM, NS",0.1,ft,in,P120,PIPO,324,18,16.1,71.8,24.6,L,6.5,NA,G,D,0,,20230926,CC,1.41373134,14.1373134,C,351.1350648,0.040261753
Salter,20231005,36,10,"CC, NS, CP",0.1,ft,in,P2,PIPO,8,8.5,16.1,73.6,39.7,L,30,NA,G,M,0,,20231014,CC,1.41373134,14.1373134,C,109.0216422,0.129674376
Salter,20231004,43,PFA,"CC, NS, CP",0.1,ft,in,127,PIPO,93,27.5,16.1,82.9,30.9,L,4,NA,G,M,0,,20231013,CC,1.41373134,14.1373134,C,91.133613,0.155127323
Salter,20230919,22,4,"CC, CM, NS",0.1,ft,in,941,PIPO,40,16,16,66.2,22.6,L,3,NA,G,M,0,,20230927,CC,1.396224,13.96224,C,120.064356,0.116289634
Salter,20231005,38,10,"CC, NS, CP",0.1,ft,in,P3,PIPO,109,34.5,16,53.9,32.1,L,17.5,NA,G,M,0,,20231014,CC,1.396224,13.96224,C,134.397468,0.103887671
Salter,20230920,1,2,"CC, NS, CM",0.1,ft,in,P13,PIPO,351,32.5,15.9,59.9,25,L,13.7,NA,G,D,0,,20231011,CC,1.37882574,13.7882574,B,120.170709,0.11473892
Salter,20230918,11,6,"CC, NS, CM",0.1,ft,in,P8,PIPO,122,22,15.8,67.9,43.7,L,2.5,NA,G,D,0,,20231010,CC,1.36153656,13.6153656,B,79.696575,0.170840034
Salter,20230913,25,8,"CC, CM, NS",0.1,ft,in,111,PIPO,346,36.5,15.8,68.7,23.6,L,6.2,NA,G,D,0,,20230926,CC,1.36153656,13.6153656,B,138.5103294,0.098298558
Salter,20230919,19,5,"CC, NS, CM",0.1,ft,in,P4,PIPO,285,21.5,15.6,77.4,26.4,L,7.4,NA,G,D,0,cored @ DBH,20231009,CC,1.32728544,13.2728544,B,131.3197758,0.101072777
Salter,20230918,24,4,"CC, CM, NS",0.1,ft,in,P1,PIPO,5,32.5,15.6,50.4,17.9,L,13,NA,NA,NA,0,Cored at dbh,20230927,CC,1.32728544,13.2728544,B,120.1914342,0.110430951
Salter,20231004,35,10,"CC, NS, CP",0.1,ft,in,P4,PIPO,117,21,15.6,66.5,25.7,L,8.4,NA,G,M,0,,20231014,CC,1.32728544,13.2728544,B,109.3085226,0.121425613
Salter,20230919,12,6,"CC, NS, CM",0.1,ft,in,P2,PIPO,70,31,15.5,45.8,22.9,L,5.7,NA,G,S,0,cored @ DBH,20231010,CC,1.3103235,13.103235,B,79.3644264,0.165102119
Salter,20230919,23,4,"CC, CM, NS",0.1,ft,in,955,PIPO,82,36.5,15.5,68.9,9.5,L,2.6,NA,G,M,0,,20230927,CC,1.3103235,13.103235,B,118.1423664,0.110910551
Salter,20231005,38,10,"CC, NS, CP",0.1,ft,in,P6,PIPO,150,9,15.5,76.3,46.5,L,9,NA,G,M,0,,20231014,CC,1.3103235,13.103235,B,134.397468,0.097496145
Salter,20230920,1,2,"CC, NS, CM",0.1,ft,in,P2,PIPO,59,26.5,15.4,61.3,46,L,3,NA,G,M,0,cored @ DBH,20231011,CC,1.29347064,12.9347064,B,120.170709,0.1076361
Salter,20230921,4,2,"CC, NS, CM",0.1,ft,in,P6,PIPO,268,24,15.4,69.2,33,L,10.2,NA,G,M,0,cored @ DBH,20231011,CC,1.29347064,12.9347064,B,129.0269142,0.100248126
Salter,20230914,34,9,"CC, CM, NS",0.1,ft,in,P2,PIPO,9,26.5,15.4,63.3,37.1,L,15,NA,G,M,0,,20230925,CC,1.29347064,12.9347064,B,103.9472406,0.124435303
Salter,20230914,34,9,"CC, CM, NS",0.1,ft,in,933,PIPO,69,16,15.4,59.4,31.3,L,10,NA,G,D,0,,20230925,CC,1.29347064,12.9347064,B,103.9472406,0.124435303
Salter,20230914,34,9,"CC, CM, NS",0.1,ft,in,P5,PIPO,140,23,15.4,56.4,23.6,L,12,NA,G,D,0,,20230925,CC,1.29347064,12.9347064,B,103.9472406,0.124435303
Salter,20231005,51,PFA,"CC, NS, CP",0.1,ft,in,P4,PIPO,235,26.5,15.4,73.2,42.9,L,2.8,NA,G,S,0,,20231014,CC,1.29347064,12.9347064,B,88.0799184,0.146851934
Salter,20231003,17,3,"CC, NS, CP",0.1,ft,in,P2,PIPO,73,34.5,15.3,75.1,28.4,L,NA,NA,G,D,0,cored @ DBH,20231012,CC,1.27672686,12.7672686,B,39.4111494,0.323950679
Salter,20230919,20,5,"CC, NS, CM",0.1,ft,in,P1,PIPO,51,35,15.3,74.8,46.8,L,12,NA,G,D,0,,20231009,CC,1.27672686,12.7672686,B,127.067292,0.100476436
Salter,20231005,36,10,"CC, NS, CP",0.1,ft,in,P5,PIPO,316,26.5,15.3,70.7,37.6,L,36,NA,G,D,0,,20231014,CC,1.27672686,12.7672686,B,109.0216422,0.117107653
Salter,20230918,31,9,"CC, CM, NS",0.1,ft,in,P4,PIPO,233,33.5,15.2,75.2,53.8,L,10.2,NA,G,M,0,,20230927,CC,1.26009216,12.6009216,B,119.8974636,0.105097483
Salter,20231004,44,PFA,"CC, NS, CP",0.1,ft,in,P4,PIPO,274,28.5,15.2,68.3,33.5,L,3,NA,G,D,1,,20231013,CC,1.26009216,12.6009216,B,86.9220342,0.144968094
Salter,20230921,3,2,"CC, NS, CM",0.1,ft,in,P5,PIPO,164,26.5,15.1,57.6,32.7,L,2.7,NA,G,S,0,,20231011,CC,1.24356654,12.4356654,B,151.0452576,0.082330724
Salter,20230920,1,2,"CC, NS, CM",0.1,ft,in,878,PIPO,85,10.5,15,59,17.8,L,1,NA,G,D,0,,20231011,CC,1.22715,12.2715,B,120.170709,0.102117231
Salter,20231003,18,3,"CC, NS, CP",0.1,ft,in,P3,PIPO,109,36,15,65.1,26.9,L,1,NA,G,D,0,,20231012,CC,1.22715,12.2715,B,71.5722966,0.171456004
Salter,20230919,22,4,"CC, CM, NS",0.1,ft,in,P6,PIPO,192,26.5,15,53.1,14.8,L,7,NA,G,D,0,,20230927,CC,1.22715,12.2715,B,120.064356,0.102207686
Salter,20230913,27,8,"CC, CM, NS",0.1,ft,in,P112,PIPO,15,16.5,15,70,30.3,L,16.8,NA,G,M,0,cored at 1.2 ft,20230926,CC,1.22715,12.2715,B,351.1350648,0.03494809
Salter,20230913,27,8,"CC, CM, NS",0.1,ft,in,P2,PIPO,59,7.5,15,65.3,46.2,L,22,NA,G,D,0,,20230925,CC,1.22715,12.2715,B,351.1350648,0.03494809
Salter,20231005,36,10,"CC, NS, CP",0.1,ft,in,145,PIPO,2,30,15,81.7,41.4,L,31,NA,G,M,0,,20231014,CC,1.22715,12.2715,B,109.0216422,0.11256022
Salter,20230920,8,7,"CC, NS, CM",0.1,ft,in,P4,PIPO,203,36,14.8,66.5,22,L,7.6,NA,G,D,0,cored @ DBH,20231010,CC,1.19464416,11.9464416,B,109.2965238,0.109303033
Salter,20230913,28,9,"CC, CM, NS",0.1,ft,in,P7,PIPO,204,35,14.8,61.4,25.2,L,4.7,NA,G,D,0,,20230926,CC,1.19464416,11.9464416,B,169.2501642,0.07058452
Salter,20230920,1,2,"CC, NS, CM",0.1,ft,in,P3,PIPO,80,33.5,14.7,57.5,24.5,L,3.7,NA,G,S,0,,20231011,CC,1.17855486,11.7855486,B,120.170709,0.098073388
Salter,20231004,47,PFA,"CC, NS, CP",0.1,ft,in,P2,PIPO,68,29,14.7,72.7,22.5,L,2.1,NA,G,S,1,,20231014,CC,1.17855486,11.7855486,B,93.1439574,0.126530469
Salter,20230921,3,2,"CC, NS, CM",0.1,ft,in,P6,PIPO,188,21,14.6,61.7,30.6,L,2,NA,G,D,0,,20231011,CC,1.16257464,11.6257464,B,151.0452576,0.076968629
Salter,20230921,3,2,"CC, NS, CM",0.1,ft,in,P7,PIPO,270,25,14.6,59.2,18.5,L,1.8,NA,G,M,0,,20231011,CC,1.16257464,11.6257464,B,151.0452576,0.076968629
Salter,20231004,52,PFA,"CC, NS, CP",0.1,ft,in,P2,PIPO,55,36,14.6,64.4,34.2,L,NA,NA,G,S,0,,20231014,CC,1.16257464,11.6257464,B,88.971102,0.130668792
Salter,20231005,37,10,"CC, NS, CP",0.1,ft,in,146,PIPO,208,29,14.5,60,21,L,3.5,NA,G,D,0,,20231014,CC,1.1467035,11.467035,B,77.2820892,0.148378947
Salter,20231004,35,10,"CC, NS, CP",0.1,ft,in,P7,PIPO,211,31,14.4,62.7,42.2,L,3,NA,G,N,1,,20231014,CC,1.13094144,11.3094144,B,109.3085226,0.103463245
Salter,20230920,1,2,"CC, NS, CM",0.1,ft,in,P8,PIPO,223,33,14.3,59.6,35.1,L,16,NA,G,M,0,,20231011,CC,1.11528846,11.1528846,B,120.170709,0.092808678
Salter,20230913,25,8,"CC, CM, NS",0.1,ft,in,106,PIPO,225,17,14.3,62.2,24.1,L,9,NA,G,D,0,Cored at dbh,20230926,CC,1.11528846,11.1528846,B,138.5103294,0.080520237
Salter,20230913,28,9,"CC, CM, NS",0.1,ft,in,P1,PIPO,54,29,14.3,66.3,39.3,L,14.7,NA,G,D,0,Cored at dbh,20230926,CC,1.11528846,11.1528846,B,169.2501642,0.065895857
Salter,20230920,1,2,"CC, NS, CM",0.1,ft,in,P5,PIPO,198,27.5,14.2,41.9,NA,D2,41.9,NA,D,N,NA,,20231011,CC,1.09974456,10.9974456,B,120.170709,0.091515193
Salter,20230920,7,7,"CC, NS, CM",0.1,ft,in,P6,PIPO,341,31,14.2,73.3,27.3,L,10.1,NA,G,D,1,,20231010,CC,1.09974456,10.9974456,B,125.2598364,0.087797062
Salter,20230919,19,5,"CC, NS, CM",0.1,ft,in,P5,PIPO,299,23.5,14.2,74.9,45.2,L,6.4,NA,G,D,0,,20231009,CC,1.09974456,10.9974456,B,131.3197758,0.08374554
Salter,20230919,20,5,"CC, NS, CM",0.1,ft,in,P3,PIPO,59,18,14.2,73.8,38,L,16,NA,G,D,0,,20231009,CC,1.09974456,10.9974456,B,127.067292,0.086548202
Salter,20230919,20,5,"CC, NS, CM",0.1,ft,in,P8,PIPO,225,12,14.2,74.3,52.5,L,2,NA,G,D,0,,20231009,CC,1.09974456,10.9974456,B,127.067292,0.086548202
Salter,20230920,7,7,"CC, NS, CM",0.1,ft,in,948,PIPO,142,37,14.1,66.9,20.9,L,6,NA,G,M,1,,20231010,CC,1.08430974,10.8430974,B,125.2598364,0.086564838
Salter,20231003,18,3,"CC, NS, CP",0.1,ft,in,P2,PIPO,39,13,14.1,60.2,29.7,L,3.3,NA,G,D,0,,20231012,CC,1.08430974,10.8430974,B,71.5722966,0.151498525
Salter,20231004,47,PFA,"CC, NS, CP",0.1,ft,in,P3,PIPO,93,36,14.1,61.4,14.3,L,2.6,NA,G,S,0,,20231014,CC,1.08430974,10.8430974,B,93.1439574,0.116412247
Salter,20230920,9,6,"CC, NS, CM",0.1,ft,in,P3,PIPO,145,31,14,56.6,22.8,L,8.4,NA,G,M,0,cored @ DBH,20231010,CC,1.068984,10.68984,B,132.8501682,0.080465386
Salter,20230918,11,6,"CC, NS, CM",0.1,ft,in,P9,PIPO,208,11,14,82.2,41.6,L,3.2,NA,G,D,1,,20231010,CC,1.068984,10.68984,B,79.696575,0.134131737
Salter,20230920,1,2,"CC, NS, CM",0.1,ft,in,P9,PIPO,271,28.5,13.9,59.5,27.8,L,7.3,NA,G,D,0,,20231011,CC,1.05376734,10.5376734,B,120.170709,0.087689201
Salter,20230921,2,2,"CC, NS, CM",0.1,ft,in,P9,PIPO,224,24.5,13.8,62.5,13.2,L,2.3,NA,G,D,1,,20231011,CC,1.03865976,10.3865976,B,107.9821098,0.096188134
Salter,20230921,3,2,"CC, NS, CM",0.1,ft,in,P9,PIPO,300,22.5,13.8,74.4,42.7,L,0.7,NA,G,D,0,,20231011,CC,1.03865976,10.3865976,B,151.0452576,0.068764804
Salter,20230913,28,9,"CC, CM, NS",0.1,ft,in,P8,PIPO,218,28.5,13.7,57.8,43.6,L,3.2,NA,G,S,0,,20230926,CC,1.02366126,10.2366126,B,169.2501642,0.060482143
Salter,20230920,5,7,"CC, NS, CM",0.1,ft,in,P3,PIPO,116,31,13.6,54.7,20.2,L,5.1,NA,G,S,0,,20231010,CC,1.00877184,10.0877184,B,115.782966,0.087126101
Salter,20230919,23,4,"CC, CM, NS",0.1,ft,in,P2,PIPO,102,31.5,13.6,68.5,31,L,2.4,NA,G,M,0,,20230927,CC,1.00877184,10.0877184,B,118.1423664,0.085386121
Salter,20230913,28,9,"CC, CM, NS",0.1,ft,in,P6,PIPO,181,20,13.6,65.1,32.5,L,9.6,NA,G,D,0,,20230926,CC,1.00877184,10.0877184,B,169.2501642,0.059602414
Salter,20231005,38,10,"CC, NS, CP",0.1,ft,in,P13,PIPO,273,34.5,13.5,67.9,39,L,12.5,NA,G,M,0,,20231014,CC,0.9939915,9.939915,B,134.397468,0.073959094
Salter,20230913,25,8,"CC, CM, NS",0.1,ft,in,107,PIPO,239,25.5,13.4,40.8,20.4,L,6.5,NA,G,S,0,,20230926,CC,0.97932024,9.7932024,B,138.5103294,0.070703769
Salter,20230920,1,2,"CC, NS, CM",0.1,ft,in,P10,PIPO,278,15.5,13.3,57,24.4,L,4.5,NA,G,M,0,,20231011,CC,0.96475806,9.6475806,B,120.170709,0.080282297
Salter,20231005,38,10,"CC, NS, CP",0.1,ft,in,P11,PIPO,242,25,13.3,70.6,31.2,L,17,NA,G,M,0,,20231014,CC,0.96475806,9.6475806,B,134.397468,0.071783946
Salter,20230913,27,8,"CC, CM, NS",0.1,ft,in,P115,PIPO,77,17.5,13.1,70.5,37.5,L,18.6,NA,G,D,0,,20230926,CC,0.93596094,9.3596094,B,351.1350648,0.026655297
Salter,20231004,45,PFA,"CC, NS, CP",0.1,ft,in,P3,PIPO,218,37,13.1,77.3,62.9,L,7,NA,G,S,0,,20231013,CC,0.93596094,9.3596094,B,114.7254354,0.081582688
Salter,20230913,27,8,"CC, CM, NS",0.1,ft,in,P4,PIPO,235,18,13,58.1,41.9,L,27.9,NA,G,M,0,,20230925,CC,0.921726,9.21726,B,351.1350648,0.026249899
Salter,20230920,1,2,"CC, NS, CM",0.1,ft,in,P6,PIPO,201,29,12.8,52.6,26.5,L,25,NA,GPT,S,0,,20231011,CC,0.89358336,8.9358336,B,120.170709,0.074359498
Salter,20230918,24,4,"CC, CM, NS",0.1,ft,in,954,PIPO,120,22.5,12.6,62.3,23.6,L,3.9,NA,G,S,1,,20230927,CC,0.86587704,8.6587704,B,120.1914342,0.072041493
Salter,20231004,35,10,"CC, NS, CP",0.1,ft,in,147,PIPO,88,34.5,12.6,52.7,15.2,L,0.5,NA,G,S,0,,20231014,CC,0.86587704,8.6587704,B,109.3085226,0.079214047
Salter,20231005,38,10,"CC, NS, CP",0.1,ft,in,P10,PIPO,202,30.5,12.6,55.4,30.9,L,20,NA,G,S,1,,20231014,CC,0.86587704,8.6587704,B,134.397468,0.064426589
Salter,20230913,26,8,"CC, CM, NS",0.1,ft,in,P1,PIPO,49,30.5,12.5,65.9,30.5,L,11.7,NA,G,D,0,,20230926,CC,0.8521875,8.521875,B,91.8464508,0.092783934
Salter,20230918,11,6,"CC, NS, CM",0.1,ft,in,P4,PIPO,89,31.5,12.4,65,19.8,L,3.6,NA,G,N,0,,20231010,CC,0.83860704,8.3860704,B,79.696575,0.105224979
Salter,20231003,17,3,"CC, NS, CP",0.1,ft,in,P3,PIPO,352,27.5,12.4,53.5,17.1,L,1,NA,G,S,1,,20231012,CC,0.83860704,8.3860704,B,39.4111494,0.212784213
Salter,20230920,1,2,"CC, NS, CM",0.1,ft,in,P11,PIPO,343,17,12.3,47.6,21.6,L,22,NA,G,N,0,,20231011,CC,0.82513566,8.2513566,B,120.170709,0.068663626
Salter,20230920,5,7,"CC, NS, CM",0.1,ft,in,P2,PIPO,69,31.5,12.3,55,27.8,L,6.2,NA,G,S,0,,20231010,CC,0.82513566,8.2513566,B,115.782966,0.071265721
Salter,20230919,22,4,"CC, CM, NS",0.1,ft,in,P10,PIPO,298,28,12.3,63.5,35.3,L,1,NA,G,D,1,,20230927,CC,0.82513566,8.2513566,B,120.064356,0.068724448
Salter,20231004,35,10,"CC, NS, CP",0.1,ft,in,P6,PIPO,199,17,12.3,56.7,12.2,L,2.7,NA,G,M,0,,20231014,CC,0.82513566,8.2513566,B,109.3085226,0.075486855
Salter,20231004,46,PFA,"CC, NS, CP",0.1,ft,in,P6,PIPO,319,7,12.3,48.2,29.3,L,15,NA,G,S,0,,20231013,CC,0.82513566,8.2513566,B,98.5445082,0.083732283
Salter,20231005,38,10,"CC, NS, CP",0.1,ft,in,P1,PIPO,6,12.5,12.2,63.3,37.9,L,12.2,NA,G,S,0,,20231014,CC,0.81177336,8.1177336,B,134.397468,0.060400941
Salter,20231005,38,10,"CC, NS, CP",0.1,ft,in,148,PIPO,170,14.5,12.1,57.9,30,L,9.5,NA,G,S,0,,20231014,CC,0.79852014,7.9852014,B,134.397468,0.05941482
Salter,20231005,51,PFA,"CC, NS, CP",0.1,ft,in,P3,PIPO,216,30.5,12,57,20,L,2.5,NA,G,S,0,,20231014,CC,0.785376,7.85376,B,88.0799184,0.089166295
Salter,20230919,22,4,"CC, CM, NS",0.1,ft,in,P8,PIPO,282,34.5,11.9,50.9,23.2,L,3.4,NA,G,M,0,,20230927,CC,0.77234094,7.7234094,A,120.064356,0.064327246
Salter,20231004,42,PFA,"CC, NS, CP",0.1,ft,in,P2,PIPO,20,31.5,11.9,78.1,33.4,L,15.7,NA,G,S,0,,20231012,CC,0.77234094,7.7234094,A,105.7356072,0.073044546
Salter,20230920,5,7,"CC, NS, CM",0.1,ft,in,P4,PIPO,125,32,11.8,63.9,14.2,L,5,NA,G,D,1,,20231010,CC,0.75941496,7.5941496,A,115.782966,0.065589524
Salter,20230919,22,4,"CC, CM, NS",0.1,ft,in,P3,PIPO,110,36.5,11.8,54.2,21.6,L,4.3,NA,G,D,0,,20230927,CC,0.75941496,7.5941496,A,120.064356,0.063250659
Salter,20230919,22,4,"CC, CM, NS",0.1,ft,in,P7,PIPO,258,11.5,11.8,42.4,20.3,L,6,NA,G,S,0,,20230927,CC,0.75941496,7.5941496,A,120.064356,0.063250659
Salter,20230913,28,9,"CC, CM, NS",0.1,ft,in,P9,PIPO,234,17.5,11.8,57.6,31.5,L,5,NA,G,D,0,,20230926,CC,0.75941496,7.5941496,A,169.2501642,0.044869378
Salter,20230921,4,2,"CC, NS, CM",0.1,ft,in,P9,PIPO,325,35.5,11.7,58.9,26.6,L,2.9,NA,G,N,0,,20231011,CC,0.74659806,7.4659806,A,129.0269142,0.057863746
Salter,20230921,2,2,"CC, NS, CM",0.1,ft,in,P7,PIPO,176,8.5,11.5,52.3,20.3,L,1,NA,G,M,0,,20231011,CC,0.7212915,7.212915,A,107.9821098,0.066797315
Salter,20231005,51,PFA,"CC, NS, CP",0.1,ft,in,P10,PIPO,320,33,11.5,62.1,14.1,L,8.2,NA,G,M,0,,20231014,CC,0.7212915,7.212915,A,88.0799184,0.081890573
Salter,20231005,38,10,"CC, NS, CP",0.1,ft,in,P9,PIPO,193,19.5,11.4,57.2,28.6,L,11,NA,G,S,0,,20231014,CC,0.70880184,7.0880184,A,134.397468,0.052739226
Salter,20230921,2,2,"CC, NS, CM",0.1,ft,in,P4,PIPO,120,16,11.3,58,30.4,L,2,NA,G,M,0,,20231011,CC,0.69642126,6.9642126,A,107.9821098,0.064494133
Salter,20231004,47,PFA,"CC, NS, CP",0.1,ft,in,141,PIPO,21,18,11.3,52.5,20.2,L,6.2,NA,G,S,0,,20231014,CC,0.69642126,6.9642126,A,93.1439574,0.07476827
Salter,20230919,22,4,"CC, CM, NS",0.1,ft,in,P4,PIPO,178,32,11.2,39.2,21.1,L,8.4,NA,G,S,0,,20230927,CC,0.68414976,6.8414976,A,120.064356,0.056981921
Salter,20230918,30,9,"CC, CM, NS",0.1,ft,in,P1,PIPO,6,25,11.2,57.7,21.3,L,12,NA,G,D,0,,20230927,CC,0.68414976,6.8414976,A,117.0777456,0.058435509
Salter,20230914,34,9,"CC, CM, NS",0.1,ft,in,P1,PIPO,2,35.5,11.2,55.5,35,L,6.1,NA,G,S,0,,20230925,CC,0.68414976,6.8414976,A,103.9472406,0.06581702
Salter,20230921,4,2,"CC, NS, CM",0.1,ft,in,P3,PIPO,21,30,11,37.1,17,L,6.5,NA,G,N,0,,20231011,CC,0.659934,6.59934,A,129.0269142,0.051147003
Salter,20231004,35,10,"CC, NS, CP",0.1,ft,in,P2,PIPO,15,17,11,39.5,14.7,L,2.5,NA,G,S,0,,20231014,CC,0.659934,6.59934,A,109.3085226,0.060373517
Salter,20230919,12,6,"CC, NS, CM",0.1,ft,in,944,PIPO,111,34.5,10.8,56.7,23.5,L,NA,NA,G,N,0,,20231010,CC,0.63615456,6.3615456,A,79.3644264,0.080156134
Salter,20231005,51,PFA,"CC, NS, CP",0.1,ft,in,144,PIPO,21,23.5,10.7,44.6,14.5,L,7.3,NA,G,S,0,,20231014,CC,0.62442846,6.2442846,A,88.0799184,0.070893397
Salter,20230920,6,7,"CC, NS, CM",0.1,ft,in,P7,PIPO,353,34,10.6,54.8,13.3,L,2.5,NA,G,S,1,,20231010,CC,0.61281144,6.1281144,A,99.8725572,0.061359342
Salter,20230919,22,4,"CC, CM, NS",0.1,ft,in,P11,PIPO,326,33.5,10.6,53.1,27.8,L,6.3,NA,G,S,0,,20230927,CC,0.61281144,6.1281144,A,120.064356,0.051040247
Salter,20231005,38,10,"CC, NS, CP",0.1,ft,in,P5,PIPO,133,19.5,10.2,52.7,49.7,L,11,NA,G,NA,0,,20231014,CC,0.56743416,5.6743416,A,134.397468,0.042220599
Salter,20230920,1,2,"CC, NS, CM",0.1,ft,in,P12,PIPO,345,35,10.1,51.4,19.3,L,7.3,NA,G,M,0,,20231011,CC,0.55636254,5.5636254,A,120.170709,0.046297683
Salter,20230920,10,6,"CC, NS, CM",0.1,ft,in,P3,PIPO,100,22,10.1,65.8,28.1,L,6.1,NA,G,S,0,,20231010,CC,0.55636254,5.5636254,A,87.6108744,0.063503822
Salter,20230913,27,8,"CC, CM, NS",0.1,ft,in,P6,PIPO,239,20,10.1,52.1,25.5,L,5,NA,G,D,0,,20230925,CC,0.55636254,5.5636254,A,351.1350648,0.015844688
Salter,20230913,27,8,"CC, CM, NS",0.1,ft,in,P7,PIPO,327,21.5,10.1,38,NA,D3,38,NA,D,N,0,,20230925,CC,0.55636254,5.5636254,A,351.1350648,0.015844688
Salter,20231005,51,PFA,"CC, NS, CP",0.1,ft,in,P8,PIPO,301,20.5,10,50.4,8.9,L,1,NA,G,N,0,,20231014,CC,0.5454,5.454,A,88.0799184,0.061921038
Salter,20231004,45,PFA,"CC, NS, CP",0.1,ft,in,P7,PIPO,286,14.5,9.9,62.9,25,L,2.5,NA,G,S,0,,20231013,CC,0.53454654,5.3454654,A,114.7254354,0.046593551
Salter,20230918,11,6,"CC, NS, CM",0.1,ft,in,P2,PIPO,60,34.5,9.8,58,32,L,3.4,NA,G,N,0,,20231010,CC,0.52380216,5.2380216,A,79.696575,0.065724551
Salter,20230913,25,8,"CC, CM, NS",0.1,ft,in,104,PIPO,209,9,9.8,46,20.8,L,6.5,NA,G,D,0,,20230926,CC,0.52380216,5.2380216,A,138.5103294,0.03781683
Salter,20230921,2,2,"CC, NS, CM",0.1,ft,in,P8,PIPO,211,17,9.6,46.8,27.4,L,2,NA,G,S,1,,20231011,CC,0.50264064,5.0264064,A,107.9821098,0.046548511
Salter,20230921,2,2,"CC, NS, CM",0.1,ft,in,P10,PIPO,264,36.5,9.6,39,16.4,L,1.6,NA,G,N,0,,20231011,CC,0.50264064,5.0264064,A,107.9821098,0.046548511
Salter,20230913,27,8,"CC, CM, NS",0.1,ft,in,P4,PIPO,206,15.5,9.6,55.1,24.5,L,5,NA,G,D,0,,20230925,CC,0.50264064,5.0264064,A,351.1350648,0.014314738
Salter,20230913,25,8,"CC, CM, NS",0.1,ft,in,109,PIPO,329,29,9.5,39.6,13.3,L,4,NA,G,D,0,,20230926,CC,0.4922235,4.922235,A,138.5103294,0.035536953
Salter,20231005,38,10,"CC, NS, CP",0.1,ft,in,P15,PIPO,356,36.5,9.5,37.2,NA,D1,15.5,NA,D,NA,NA,,20231014,CC,0.4922235,4.922235,A,134.397468,0.036624462
Salter,20231005,51,PFA,"CC, NS, CP",0.1,ft,in,P6,PIPO,287,34,9.5,56.7,18.3,L,7.3,NA,G,D,0,,20231014,CC,0.4922235,4.922235,A,88.0799184,0.055883737
Salter,20230913,27,8,"CC, CM, NS",0.1,ft,in,P114,PIPO,72,27,9,49.8,36,L,25,NA,G,S,0,,20230926,CC,0.441774,4.41774,A,351.1350648,0.012581313
Salter,20230919,21,5,"CC, CM, NS",0.1,ft,in,P5,PIPO,282,11.5,8.9,38.2,17,L,6.5,NA,G,NA,0,,20230930,CC,0.43201134,4.3201134,A,138.627045,0.031163568
Salter,20230913,28,9,"CC, CM, NS",0.1,ft,in,P2,PIPO,64,36,8.9,52.3,NA,D1,20.1,NA,NA,NA,NA,,20230926,CC,0.43201134,4.3201134,A,169.2501642,0.025525017
Salter,20230920,9,6,"CC, NS, CM",0.1,ft,in,P4,PIPO,207,27.5,8.8,43.6,16.4,L,5.8,NA,G,S,0,,20231010,CC,0.42235776,4.2235776,A,132.8501682,0.031792038
Salter,20230921,3,2,"CC, NS, CM",0.1,ft,in,951,PIPO,47,31,8.7,45.5,11.3,L,1.5,NA,G,N,0,,20231011,CC,0.41281326,4.1281326,A,151.0452576,0.027330435
Salter,20230918,11,6,"CC, NS, CM",0.1,ft,in,P11,PIPO,270,18.5,8.7,57.2,20,L,1.9,NA,G,N,1,,20231010,CC,0.41281326,4.1281326,A,79.696575,0.051798118
Salter,20230913,25,8,"CC, CM, NS",0.1,ft,in,105,PIPO,217,10,8.7,50,18.3,L,5.2,NA,G,D,0,,20230926,CC,0.41281326,4.1281326,A,138.5103294,0.029803789
Salter,20230920,6,7,"CC, NS, CM",0.1,ft,in,949,PIPO,73,28,8.6,39.7,9.3,L,3.5,NA,G,S,0,,20231010,CC,0.40337784,4.0337784,A,99.8725572,0.040389257
Salter,20230918,11,6,"CC, NS, CM",0.1,ft,in,940,PIPO,82,34.5,8.5,60.1,33.7,L,2.6,NA,G,S,0,,20231010,CC,0.3940515,3.940515,A,79.696575,0.049443969
Salter,20230913,28,9,"CC, CM, NS",0.1,ft,in,P4,PIPO,137,33,8.5,43.7,26.1,L,4.3,NA,G,NA,0,,20230926,CC,0.3940515,3.940515,A,169.2501642,0.023282193
Salter,20231004,35,10,"CC, NS, CP",0.1,ft,in,P5,PIPO,133,21,8.3,43.5,18.2,L,5.5,NA,G,N,1,,20231014,CC,0.37572606,3.7572606,A,109.3085226,0.034372989
Salter,20230918,11,6,"CC, NS, CM",0.1,ft,in,P10,PIPO,266,11,8,44.9,23.4,L,3.9,NA,G,N,1,,20231010,CC,0.349056,3.49056,A,79.696575,0.043798118
Salter,20230921,3,2,"CC, NS, CM",0.1,ft,in,P8,PIPO,277,17.5,7.9,38,6.9,L,0.5,NA,G,N,0,,20231011,CC,0.34038414,3.4038414,A,151.0452576,0.022535242
Salter,20230920,1,2,"CC, NS, CM",0.1,ft,in,P7,PIPO,212,28,7.6,43.8,NA,D2,33.8,NA,D,N,NA,,20231011,CC,0.31502304,3.1502304,A,120.170709,0.026214628
Salter,20230921,4,2,"CC, NS, CM",0.1,ft,in,P7,PIPO,274,31.5,7.6,30.9,17.5,L,8.1,NA,G,N,0,,20231011,CC,0.31502304,3.1502304,A,129.0269142,0.024415297
Salter,20231005,38,10,"CC, NS, CP",0.1,ft,in,P7,PIPO,160,9,7.3,49.6,31.6,L,6.5,NA,G,NA,0,,20231014,CC,0.29064366,2.9064366,A,134.397468,0.02162568
Salter,20231005,38,10,"CC, NS, CP",0.1,ft,in,P12,PIPO,265,21.5,7.3,45.2,27.1,L,9.5,NA,G,S,0,,20231014,CC,0.29064366,2.9064366,A,134.397468,0.02162568
Salter,20230913,28,9,"CC, CM, NS",0.1,ft,in,P11,PIPO,355,25,7.2,34.6,25.9,L,8.7,NA,G,S,0,,20230926,CC,0.28273536,2.8273536,A,169.2501642,0.016705175
Salter,20230914,34,9,"CC, CM, NS",0.1,ft,in,P3,PIPO,17,35.5,7.2,37.4,NA,D1,11,NA,G,N,0,,20230925,CC,0.28273536,2.8273536,A,103.9472406,0.027199891
Salter,20231005,51,PFA,"CC, NS, CP",0.1,ft,in,P7,PIPO,289,34.5,7.2,33,19.2,L,8.4,NA,G,D,0,,20231014,CC,0.28273536,2.8273536,A,88.0799184,0.032099866
Salter,20230919,20,5,"CC, NS, CM",0.1,ft,in,P6,PIPO,209,17,6.9,38.4,18.5,L,7,NA,G,NA,0,,20231009,CC,0.25966494,2.5966494,A,127.067292,0.02043523
Salter,20230913,27,8,"CC, CM, NS",0.1,ft,in,P6,PIPO,292,26.5,6.8,30,NA,D1,30,NA,G,N,0,,20230925,CC,0.25219296,2.5219296,A,351.1350648,0.007182221
Salter,20230921,4,2,"CC, NS, CM",0.1,ft,in,Q6,QUGA,264,33,6.7,19.8,6.2,L,1,NA,NA,NA,0,,20231011,CC,0.24483006,2.4483006,A,129.0269142,0.018975116
Salter,20231005,51,PFA,"CC, NS, CP",0.1,ft,in,P9,PIPO,302,35,6.7,42,25.2,L,2.9,NA,G,N,0,,20231014,CC,0.24483006,2.4483006,A,88.0799184,0.027796354
Salter,20230920,6,7,"CC, NS, CM",0.1,ft,in,P6,PIPO,278,36,6.6,27.5,8.8,L,NA,NA,G,N,1,,20231010,CC,0.23757624,2.3757624,A,99.8725572,0.02378794
Salter,20230918,11,6,"CC, NS, CM",0.1,ft,in,P7,PIPO,108,27.5,6.6,32.3,17.4,L,2.8,NA,G,N,0,,20231010,CC,0.23757624,2.3757624,A,79.696575,0.029810094
Salter,20230914,34,9,"CC, CM, NS",0.1,ft,in,P1,PIPO,63,19.5,6.6,38.7,8.7,L,3.5,NA,G,N,0,,20230925,CC,0.23757624,2.3757624,A,103.9472406,0.022855464
Salter,20230919,20,5,"CC, NS, CM",0.1,ft,in,P7,PIPO,211,31,6.4,33.6,9.2,L,3,NA,G,S,0,,20231009,CC,0.22339584,2.2339584,A,127.067292,0.017580908
Salter,20231005,38,10,"CC, NS, CP",0.1,ft,in,P14,PIPO,296,24.5,6.4,32.8,NA,D1,7.5,NA,G,NA,NA,,20231014,CC,0.22339584,2.2339584,A,134.397468,0.016622027
Salter,20230921,4,2,"CC, NS, CM",0.1,ft,in,Q5,QUGA,259,29.5,6.3,22.6,NA,D2,2.8,NA,NA,NA,NA,,20231011,CC,0.21646926,2.1646926,A,129.0269142,0.016777062
Salter,20230920,7,7,"CC, NS, CM",0.1,ft,in,P4,PIPO,233,17,6.2,32.1,16.7,L,9,NA,G,N,1,,20231010,CC,0.20965176,2.0965176,A,125.2598364,0.016737349
Salter,20230918,24,4,"CC, CM, NS",0.1,ft,in,Q19,QUGA,249,36,6.2,19,6,L,0.7,NA,NA,NA,1,,20230927,CC,0.20965176,2.0965176,A,120.1914342,0.017443153
Salter,20230919,12,6,"CC, NS, CM",0.1,ft,in,P6,PIPO,347,31.5,6.1,22.3,9.8,L,NA,NA,G,S,0,,20231010,CC,0.20294334,2.0294334,A,79.3644264,0.025571071
Salter,20231004,45,PFA,"CC, NS, CP",0.1,ft,in,P5,PIPO,250,16,6.1,37.4,13.3,L,2.7,NA,G,S,0,,20231013,CC,0.20294334,2.0294334,A,114.7254354,0.017689481
Salter,20231005,51,PFA,"CC, NS, CP",0.1,ft,in,P5,PIPO,236,24,6.1,34,20.8,L,1,NA,G,N,0,,20231014,CC,0.20294334,2.0294334,A,88.0799184,0.023040818
Salter,20230921,4,2,"CC, NS, CM",0.1,ft,in,Q4,QUGA,253,33,6,11.6,NA,D2,2,NA,NA,NA,NA,,20231011,CC,0.196344,1.96344,A,129.0269142,0.01521729
Salter,20230918,24,4,"CC, CM, NS",0.1,ft,in,Q2,QUGA,97,32,6,14.4,6,L,1,NA,NA,NA,0,,20230927,CC,0.196344,1.96344,A,120.1914342,0.01633594
Salter,20230921,4,2,"CC, NS, CM",0.1,ft,in,Q2,QUGA,238,29,5.9,15.3,NA,D3,NA,NA,NA,NA,NA,,20231011,CC,0.18985374,1.8985374,A,129.0269142,0.014714274
Salter,20230920,8,7,"CC, NS, CM",0.1,ft,in,J3,JUCO,305,32,5.9,16.3,NA,D1,14.6,NA,G,NA,0,,20231010,CC,0.18985374,1.8985374,A,109.2965238,0.01737052
Salter,20230920,8,7,"CC, NS, CM",0.1,ft,in,J4,JUCO,306,32,5.9,16.9,NA,D1,10.2,NA,G,NA,0,,20231010,CC,0.18985374,1.8985374,A,109.2965238,0.01737052
Salter,20230918,11,6,"CC, NS, CM",0.1,ft,in,P12,PIPO,291,5,5.9,30.9,12.9,L,2.6,NA,G,N,0,Dead top,20231010,CC,0.18985374,1.8985374,A,79.696575,0.02382207
Salter,20230921,4,2,"CC, NS, CM",0.1,ft,in,Q3,QUGA,247,24,5.8,14.7,5.3,L,NA,NA,NA,NA,0,,20231011,CC,0.18347256,1.8347256,A,129.0269142,0.014219712
Salter,20230918,24,4,"CC, CM, NS",0.1,ft,in,Q17,QUGA,245,32,5.8,10.4,NA,D2,0.7,NA,NA,NA,NA,,20230927,CC,0.18347256,1.8347256,A,120.1914342,0.015265028
Salter,20230918,30,9,"CC, CM, NS",0.1,ft,in,P2,PIPO,7,23.5,5.7,28,NA,D1,9,NA,NA,NA,NA,,20230927,CC,0.17720046,1.7720046,A,117.0777456,0.015135281
Salter,20230921,4,2,"CC, NS, CM",0.1,ft,in,P1,PIPO,6,33,5.6,27.6,NA,D1,5.9,NA,G,NA,NA,,20231011,CC,0.17103744,1.7103744,A,129.0269142,0.013255951
Salter,20230919,23,4,"CC, CM, NS",0.1,ft,in,P7,PIPO,359,30,5.5,12.5,NA,NA,7.6,NA,G,N,0,,20230927,CC,0.1649835,1.649835,A,118.1423664,0.013964804
Salter,20230921,4,2,"CC, NS, CM",0.1,ft,in,Q1,QUGA,228,30.5,5.4,13.7,4.3,L,NA,NA,NA,NA,1,,20231011,CC,0.15903864,1.5903864,A,129.0269142,0.012326005
Salter,20230918,24,4,"CC, CM, NS",0.1,ft,in,Q1,QUGA,91,31,5.4,12.5,6.3,L,1,NA,NA,NA,0,,20230927,CC,0.15903864,1.5903864,A,120.1914342,0.013232111
Salter,20230921,2,2,"CC, NS, CM",0.1,ft,in,P3,PIPO,120,32,5.3,5.9,5.2,L,NA,NA,G,N,1,leaning,20231011,CC,0.15320286,1.5320286,A,107.9821098,0.0141878
Salter,20231005,51,PFA,"CC, NS, CP",0.1,ft,in,Q2,QUGA,169,34,5.3,22,4.5,L,0.5,NA,NA,NA,1,,20231014,CC,0.15320286,1.5320286,A,88.0799184,0.01739362
Salter,20230918,24,4,"CC, CM, NS",0.1,ft,in,Q20,QUGA,262,36,5.2,17.2,NA,D2,4,NA,NA,NA,NA,,20230927,CC,0.14747616,1.4747616,A,120.1914342,0.012270106
Salter,20230918,11,6,"CC, NS, CM",0.1,ft,in,P13,PIPO,312,15,5.1,16.8,7.1,L,0.9,NA,G,N,1,,20231010,CC,0.14185854,1.4185854,A,79.696575,0.017799829
Salter,20230920,8,7,"CC, NS, CM",0.1,ft,in,J2,JUCO,293,13.5,5,18.9,NA,D1,6,NA,G,NA,0,,20231010,CC,0.13635,1.3635,A,109.2965238,0.012475237
Salter,20231003,17,3,"CC, NS, CP",0.1,ft,in,Q1,QUGA,215,16,5,9.6,4,L,NA,NA,NA,NA,1,,20231012,CC,0.13635,1.3635,A,39.4111494,0.034596809
Salter,20230918,24,4,"CC, CM, NS",0.1,ft,in,Q5,QUGA,101,33,5,15.3,NA,D2,1,NA,NA,NA,NA,,20230927,CC,0.13635,1.3635,A,120.1914342,0.011344402
Salter,20230918,24,4,"CC, CM, NS",0.1,ft,in,Q18,QUGA,248,36,5,16.2,4,L,0.5,NA,NA,NA,0,,20230927,CC,0.13635,1.3635,A,120.1914342,0.011344402
Salter,20230920,10,6,"CC, NS, CM",0.1,ft,in,P2,PIPO,85,14,4.9,26.8,9.3,L,5,NA,G,N,0,,20231010,CC,0.13095054,1.3095054,A,87.6108744,0.014946836
Salter,20230918,24,4,"CC, CM, NS",0.1,ft,in,Q4,QUGA,99,28.5,4.9,6.4,5.2,L,1,NA,NA,NA,0,,20230927,CC,0.13095054,1.3095054,A,120.1914342,0.010895164
Salter,20230921,2,2,"CC, NS, CM",0.1,ft,in,130,PIPO,3,37,4.8,20.2,7.4,L,1,NA,G,N,0,,20231011,CC,0.12566016,1.2566016,A,107.9821098,0.011637128
Salter,20230918,24,4,"CC, CM, NS",0.1,ft,in,Q15,QUGA,173,19.5,4.8,11.4,NA,D1,3.1,NA,NA,NA,NA,,20230927,CC,0.12566016,1.2566016,A,120.1914342,0.010455001
Salter,20231005,36,10,"CC, NS, CP",0.1,ft,in,Q1,PIPO,193,31.5,4.8,14.1,NA,D1,0.5,NA,NA,NA,NA,,20231014,CC,0.12566016,1.2566016,A,109.0216422,0.011526166
Salter,20231005,36,10,"CC, NS, CP",0.1,ft,in,Q6,PIPO,215,33,4.8,14.9,4,L,0.5,NA,NA,NA,0,,20231014,CC,0.12566016,1.2566016,A,109.0216422,0.011526166
Salter,20231004,45,PFA,"CC, NS, CP",0.1,ft,in,P6,PIPO,264,30,4.8,18.1,14.9,L,4.3,NA,G,N,0,,20231013,CC,0.12566016,1.2566016,A,114.7254354,0.010953121
Salter,20230918,11,6,"CC, NS, CM",0.1,ft,in,P6,PIPO,94,27.5,4.7,28.4,13.7,L,1.5,NA,G,N,0,,20231010,CC,0.12047886,1.2047886,A,79.696575,0.015117194
Salter,20230918,24,4,"CC, CM, NS",0.1,ft,in,Q3,QUGA,98,28,4.7,6.1,5,L,1,NA,NA,NA,0,,20230927,CC,0.12047886,1.2047886,A,120.1914342,0.010023914
Salter,20230918,24,4,"CC, CM, NS",0.1,ft,in,Q12,QUGA,129,25,4.7,15.5,NA,D2,2,NA,NA,NA,NA,,20230927,CC,0.12047886,1.2047886,A,120.1914342,0.010023914
Salter,20231005,36,10,"CC, NS, CP",0.1,ft,in,Q4,PIPO,205,29,4.7,18,5.1,L,0.5,NA,NA,NA,1,,20231014,CC,0.12047886,1.2047886,A,109.0216422,0.011050912
Salter,20230920,1,2,"CC, NS, CM",0.1,ft,in,P1,PIPO,15,31,4.6,8.9,NA,D3,5.7,NA,G,N,NA,,20231011,CC,0.11540664,1.1540664,A,120.170709,0.009603558
Salter,20230919,12,6,"CC, NS, CM",0.1,ft,in,P1,PIPO,47,17,4.5,25.6,7.6,L,2.5,NA,G,S,1,,20231010,CC,0.1104435,1.104435,A,79.3644264,0.013915995
Salter,20230918,24,4,"CC, CM, NS",0.1,ft,in,Q14,QUGA,147,25,4.5,11,NA,D1,3,NA,NA,NA,NA,,20230927,CC,0.1104435,1.104435,A,120.1914342,0.009188966
Salter,20231005,36,10,"CC, NS, CP",0.1,ft,in,Q5,PIPO,210,35,4.5,14.5,4.5,L,0.5,NA,NA,NA,1,,20231014,CC,0.1104435,1.104435,A,109.0216422,0.01013042
Salter,20230918,11,6,"CC, NS, CM",0.1,ft,in,P5,PIPO,94,31.5,4.4,29.1,13.7,L,1.5,NA,G,N,0,,20231010,CC,0.10558944,1.0558944,A,79.696575,0.013248931
Salter,20230918,24,4,"CC, CM, NS",0.1,ft,in,Q8,QUGA,109,25,4.4,9.2,NA,D2,1,NA,NA,NA,NA,,20230927,CC,0.10558944,1.0558944,A,120.1914342,0.008785105
Salter,20230918,24,4,"CC, CM, NS",0.1,ft,in,Q9,QUGA,110,28.5,4.4,13.4,NA,D2,1,NA,NA,NA,NA,,20230927,CC,0.10558944,1.0558944,A,120.1914342,0.008785105
Salter,20230918,24,4,"CC, CM, NS",0.1,ft,in,Q13,QUGA,142,28,4.4,14.4,NA,D1,2.9,NA,NA,NA,NA,,20230927,CC,0.10558944,1.0558944,A,120.1914342,0.008785105
Salter,20231005,36,10,"CC, NS, CP",0.1,ft,in,Q2,PIPO,193,34,4.4,14.6,NA,D1,0.5,NA,NA,NA,NA,,20231014,CC,0.10558944,1.0558944,A,109.0216422,0.009685182
Salter,20231005,36,10,"CC, NS, CP",0.1,ft,in,Q3,PIPO,203,26.5,4.4,13,NA,D1,0.5,NA,NA,NA,NA,,20231014,CC,0.10558944,1.0558944,A,109.0216422,0.009685182
Salter,20231005,51,PFA,"CC, NS, CP",0.1,ft,in,Q1,QUGA,164,31,4.4,13,4.1,L,0.5,NA,NA,NA,1,,20231014,CC,0.10558944,1.0558944,A,88.0799184,0.011987913
Salter,20230918,24,4,"CC, CM, NS",0.1,ft,in,Q6,QUGA,104,28.5,4.3,13.7,NA,D2,1,NA,NA,NA,NA,,20230927,CC,0.10084446,1.0084446,A,120.1914342,0.00839032
Salter,20230918,24,4,"CC, CM, NS",0.1,ft,in,Q10,QUGA,110,35,4.3,9.8,NA,D3,5.7,NA,NA,NA,NA,,20230927,CC,0.10084446,1.0084446,A,120.1914342,0.00839032
Salter,20231005,51,PFA,"CC, NS, CP",0.1,ft,in,Q3,QUGA,180,30,4.3,16.4,3.6,L,0.5,NA,NA,NA,1,,20231014,CC,0.10084446,1.0084446,A,88.0799184,0.0114492
Salter,20230920,8,7,"CC, NS, CM",0.1,ft,in,J1,JUCO,285,8.5,4.2,19.8,NA,D1,4,NA,G,NA,0,,20231010,CC,0.09620856,0.9620856,A,109.2965238,0.008802527
Salter,20230918,24,4,"CC, CM, NS",0.1,ft,in,Q7,QUGA,105,22.5,4.2,9.3,NA,D2,1,NA,NA,NA,NA,,20230927,CC,0.09620856,0.9620856,A,120.1914342,0.00800461
Salter,20230918,24,4,"CC, CM, NS",0.1,ft,in,Q11,QUGA,116,25,4.2,15.4,NA,D2,2.3,NA,NA,NA,NA,,20230927,CC,0.09620856,0.9620856,A,120.1914342,0.00800461
Salter,20230918,24,4,"CC, CM, NS",0.1,ft,in,Q16,QUGA,190,13.5,4.1,7.6,NA,D3,2.8,NA,NA,NA,NA,,20230927,CC,0.09168174,0.9168174,A,120.1914342,0.007627976
Salter,20230920,5,7,"CC, NS, CM",0.1,ft,in,Q1,QUGA,259,33,4,14.4,NA,D1,1,NA,NA,NA,1,,20231010,CC,0.087264,0.87264,A,115.782966,0.00753686